[{"name":"htmlwidgets","version":"1.3","src":{"file":"\/home\/wassim\/R\/x86_64-pc-linux-gnu-library\/3.4\/htmlwidgets\/www"},"meta":null,"script":"htmlwidgets.js","stylesheet":null,"head":null,"attachment":null,"package":null,"all_files":true},{"name":"jquery","version":"1.12.4","src":{"file":"\/home\/wassim\/R\/x86_64-pc-linux-gnu-library\/3.4\/leaflet\/htmlwidgets\/lib\/jquery"},"meta":null,"script":"jquery.min.js","stylesheet":null,"head":null,"attachment":null,"package":null,"all_files":true},{"name":"leaflet","version":"1.3.1","src":{"file":"\/home\/wassim\/R\/x86_64-pc-linux-gnu-library\/3.4\/leaflet\/htmlwidgets\/lib\/leaflet"},"meta":null,"script":"leaflet.js","stylesheet":"leaflet.css","head":null,"attachment":null,"package":null,"all_files":true},{"name":"leafletfix","version":"1.0.0","src":{"file":"\/home\/wassim\/R\/x86_64-pc-linux-gnu-library\/3.4\/leaflet\/htmlwidgets\/lib\/leafletfix"},"meta":null,"script":null,"stylesheet":"leafletfix.css","head":null,"attachment":null,"package":null,"all_files":true},{"name":"Proj4Leaflet","version":"1.0.1","src":{"file":"\/home\/wassim\/R\/x86_64-pc-linux-gnu-library\/3.4\/leaflet\/htmlwidgets\/plugins\/Proj4Leaflet"},"meta":null,"script":["proj4-compressed.js","proj4leaflet.js"],"stylesheet":null,"head":null,"attachment":null,"package":null,"all_files":true},{"name":"rstudio_leaflet","version":"1.3.1","src":{"file":"\/home\/wassim\/R\/x86_64-pc-linux-gnu-library\/3.4\/leaflet\/htmlwidgets\/lib\/rstudio_leaflet"},"meta":null,"script":null,"stylesheet":"rstudio_leaflet.css","head":null,"attachment":null,"package":null,"all_files":true},{"name":"leaflet-binding","version":"2.0.2","src":{"file":"\/home\/wassim\/R\/x86_64-pc-linux-gnu-library\/3.4\/leaflet\/htmlwidgets"},"meta":null,"script":"leaflet.js","stylesheet":null,"head":null,"attachment":null,"package":null,"all_files":false},{"name":"leaflet-providers","version":"1.1.17","src":{"file":"\/home\/wassim\/R\/x86_64-pc-linux-gnu-library\/3.4\/leaflet\/htmlwidgets\/lib\/leaflet-providers"},"meta":null,"script":"leaflet-providers.js","stylesheet":null,"head":null,"attachment":null,"package":null,"all_files":true},{"name":"leaflet-providers-plugin","version":"2.0.2","src":{"file":"\/home\/wassim\/R\/x86_64-pc-linux-gnu-library\/3.4\/leaflet\/htmlwidgets\/plugins\/leaflet-providers-plugin"},"meta":null,"script":"leaflet-providers-plugin.js","stylesheet":null,"head":null,"attachment":null,"package":null,"all_files":true},{"name":"Leaflet.Sync","version":"0.0.5","src":{"file":"\/home\/wassim\/R\/x86_64-pc-linux-gnu-library\/3.4\/leafsync\/htmlwidgets\/lib\/Leaflet.Sync"},"meta":null,"script":"L.Map.Sync.js","stylesheet":null,"head":null,"attachment":null,"package":null,"all_files":true}]
