"0"," library(RColorBrewer)"
"0","tm1<-tm_shape(filter(World,category==""Physics""))+tm_polygons(""category"",palette = ""RdYlBu"")"
"0","tm2<-tm_shape(filter(World,category==""Chemistry""))+tm_polygons(""category"",palette = ""RdYlBu"")"
"0","tm3<-filter(World,category==""Peace"") %>% tm_shape()+tm_polygons(""category"",palette = ""RdYlBu"")"
"0","tm4<-filter(World,category==""Economics"") %>% tm_shape()+tm_polygons(""category"",palette = ""RdYlBu"")"
"0","tm5<-filter(World,category==""Medicine"") %>% tm_shape()+tm_polygons(""category"",palette = ""RdYlBu"")"
"0","tm6<-filter(World,category==""Literature"") %>% tm_shape()+tm_polygons(""category"",palette = ""RdYlBu"")"
"0","tmap_arrange(tm1,tm2,tm3,tm4,tm5,tm6)"
"2","The number of facets exceeds the limit of 4. The limit can be extended to 6 with:
tmap_options(limits = c(facets.view = 6))
"
"2","The shape filter(World, category == ""Physics"") contains empty units."
