{"chunk_definitions":[{"chunk_id":"csetup_chunk","chunk_label":"setup","document_id":"E87A5F96","expansion_state":0,"options":{"engine":"r","include":false,"label":"setup"},"row":9,"row_count":1,"visible":true},{"chunk_id":"c42lfwzw5zff8","chunk_label":"unnamed-chunk-1","document_id":"E87A5F96","expansion_state":0,"options":{"engine":"r","label":"unnamed-chunk-2"},"row":15,"row_count":1,"visible":true},{"chunk_id":"cnfys1dc7zmot","chunk_label":"unnamed-chunk-2","document_id":"E87A5F96","expansion_state":1,"options":{"engine":"r","label":"unnamed-chunk-4"},"row":21,"row_count":1,"visible":true},{"chunk_id":"ciei3tdab0iu5","chunk_label":"unnamed-chunk-3","document_id":"E87A5F96","expansion_state":0,"options":{"engine":"r","label":"unnamed-chunk-15"},"row":24,"row_count":1,"visible":true},{"chunk_id":"cdx2rf5joekhs","chunk_label":"unnamed-chunk-4","document_id":"E87A5F96","expansion_state":0,"options":{"engine":"r","label":"unnamed-chunk-18"},"row":31,"row_count":1,"visible":true},{"chunk_id":"ch8p75bfajxty","chunk_label":"unnamed-chunk-5","document_id":"808A08BC","expansion_state":0,"options":{"engine":"r","label":"unnamed-chunk-16"},"row":41,"row_count":1,"visible":true}],"chunk_rendered_width":400,"doc_write_time":1569924170}