{"chunk_definitions":[{"chunk_id":"csetup_chunk","chunk_label":"setup","document_id":"E87A5F96","expansion_state":0,"options":{"engine":"r","include":false,"label":"setup"},"row":9,"row_count":1,"visible":true},{"chunk_id":"c42lfwzw5zff8","chunk_label":"unnamed-chunk-1","document_id":"E87A5F96","expansion_state":0,"options":{"engine":"r","label":"unnamed-chunk-3"},"row":15,"row_count":1,"visible":true},{"chunk_id":"cnfys1dc7zmot","chunk_label":"unnamed-chunk-2","document_id":"E87A5F96","expansion_state":0,"options":{"engine":"r","label":"unnamed-chunk-4"},"row":21,"row_count":1,"visible":true},{"chunk_id":"ciei3tdab0iu5","chunk_label":"unnamed-chunk-3","document_id":"E87A5F96","expansion_state":0,"options":{"engine":"r","label":"unnamed-chunk-5"},"row":24,"row_count":1,"visible":true},{"chunk_id":"cdx2rf5joekhs","chunk_label":"unnamed-chunk-4","document_id":"E87A5F96","expansion_state":0,"options":{"engine":"r","label":"unnamed-chunk-6"},"row":31,"row_count":1,"visible":true},{"chunk_id":"cfycpvecdx2vz","chunk_label":"unnamed-chunk-5","document_id":"808A08BC","expansion_state":0,"options":{"engine":"r","label":"unnamed-chunk-27"},"row":43,"row_count":1,"visible":true},{"chunk_id":"c73xjap648prb","chunk_label":"unnamed-chunk-6","document_id":"808A08BC","expansion_state":0,"options":{"engine":"r","label":"unnamed-chunk-28"},"row":49,"row_count":1,"visible":true},{"chunk_id":"ccxy8ycb1es1o","chunk_label":"unnamed-chunk-7","document_id":"808A08BC","expansion_state":0,"options":{"engine":"r","label":"unnamed-chunk-29"},"row":56,"row_count":1,"visible":true},{"chunk_id":"ckw3o8fmhtahy","chunk_label":"unnamed-chunk-8","document_id":"808A08BC","expansion_state":0,"options":{"engine":"r","label":"unnamed-chunk-30"},"row":63,"row_count":1,"visible":true},{"chunk_id":"cavzfsecsqlf8","chunk_label":"unnamed-chunk-9","document_id":"808A08BC","expansion_state":0,"options":{"engine":"r","label":"unnamed-chunk-31"},"row":69,"row_count":1,"visible":true},{"chunk_id":"cek6m187kuojx","chunk_label":"unnamed-chunk-10","document_id":"808A08BC","expansion_state":0,"options":{"engine":"r","label":"unnamed-chunk-33"},"row":76,"row_count":1,"visible":true},{"chunk_id":"co41vumjx8map","chunk_label":"unnamed-chunk-11","document_id":"808A08BC","expansion_state":0,"options":{"engine":"r","label":"unnamed-chunk-47"},"row":86,"row_count":1,"visible":true},{"chunk_id":"cl56tvel1nfpr","chunk_label":"unnamed-chunk-12","document_id":"808A08BC","expansion_state":0,"options":{"engine":"r","label":"unnamed-chunk-49"},"row":90,"row_count":1,"visible":true}],"chunk_rendered_width":700,"doc_write_time":1569963865}